CREATE DATABASE  IF NOT EXISTS `heroku_e1964613066b423` /*!40100 DEFAULT CHARACTER SET utf8 */;
USE `heroku_e1964613066b423`;
-- MySQL dump 10.13  Distrib 8.0.33, for Win64 (x86_64)
--
-- Host: us-cdbr-east-06.cleardb.net    Database: heroku_e1964613066b423
-- ------------------------------------------------------
-- Server version	5.6.50-log

/*!40101 SET @OLD_CHARACTER_SET_CLIENT=@@CHARACTER_SET_CLIENT */;
/*!40101 SET @OLD_CHARACTER_SET_RESULTS=@@CHARACTER_SET_RESULTS */;
/*!40101 SET @OLD_COLLATION_CONNECTION=@@COLLATION_CONNECTION */;
/*!50503 SET NAMES utf8 */;
/*!40103 SET @OLD_TIME_ZONE=@@TIME_ZONE */;
/*!40103 SET TIME_ZONE='+00:00' */;
/*!40014 SET @OLD_UNIQUE_CHECKS=@@UNIQUE_CHECKS, UNIQUE_CHECKS=0 */;
/*!40014 SET @OLD_FOREIGN_KEY_CHECKS=@@FOREIGN_KEY_CHECKS, FOREIGN_KEY_CHECKS=0 */;
/*!40101 SET @OLD_SQL_MODE=@@SQL_MODE, SQL_MODE='NO_AUTO_VALUE_ON_ZERO' */;
/*!40111 SET @OLD_SQL_NOTES=@@SQL_NOTES, SQL_NOTES=0 */;

--
-- Table structure for table `account`
--

DROP TABLE IF EXISTS `account`;
/*!40101 SET @saved_cs_client     = @@character_set_client */;
/*!50503 SET character_set_client = utf8mb4 */;
CREATE TABLE `account` (
  `id` int(11) NOT NULL,
  `userName` varchar(50) DEFAULT NULL,
  `passWord` varchar(50) DEFAULT NULL,
  PRIMARY KEY (`id`) USING BTREE
) ENGINE=InnoDB DEFAULT CHARSET=utf8mb4 ROW_FORMAT=COMPACT;
/*!40101 SET character_set_client = @saved_cs_client */;

--
-- Dumping data for table `account`
--

LOCK TABLES `account` WRITE;
/*!40000 ALTER TABLE `account` DISABLE KEYS */;
INSERT INTO `account` VALUES (1,'hoangan','123'),(2,'quochoang','123'),(3,'hoangphuc','123'),(4,'hoangsang','1234');
/*!40000 ALTER TABLE `account` ENABLE KEYS */;
UNLOCK TABLES;

--
-- Table structure for table `bill`
--

DROP TABLE IF EXISTS `bill`;
/*!40101 SET @saved_cs_client     = @@character_set_client */;
/*!50503 SET character_set_client = utf8mb4 */;
CREATE TABLE `bill` (
  `bid` int(11) NOT NULL,
  `totalMoney` int(11) DEFAULT NULL,
  `discount` int(11) DEFAULT NULL,
  `startDate` date DEFAULT NULL,
  `createDate` date DEFAULT NULL,
  `State` varchar(50) DEFAULT NULL,
  PRIMARY KEY (`bid`) USING BTREE
) ENGINE=InnoDB DEFAULT CHARSET=utf8mb4 ROW_FORMAT=COMPACT;
/*!40101 SET character_set_client = @saved_cs_client */;

--
-- Dumping data for table `bill`
--

LOCK TABLES `bill` WRITE;
/*!40000 ALTER TABLE `bill` DISABLE KEYS */;
/*!40000 ALTER TABLE `bill` ENABLE KEYS */;
UNLOCK TABLES;

--
-- Table structure for table `category`
--

DROP TABLE IF EXISTS `category`;
/*!40101 SET @saved_cs_client     = @@character_set_client */;
/*!50503 SET character_set_client = utf8mb4 */;
CREATE TABLE `category` (
  `cid` int(11) NOT NULL AUTO_INCREMENT,
  `cname` varchar(50) DEFAULT NULL,
  PRIMARY KEY (`cid`) USING BTREE
) ENGINE=InnoDB AUTO_INCREMENT=136 DEFAULT CHARSET=utf8mb4 ROW_FORMAT=COMPACT;
/*!40101 SET character_set_client = @saved_cs_client */;

--
-- Dumping data for table `category`
--

LOCK TABLES `category` WRITE;
/*!40000 ALTER TABLE `category` DISABLE KEYS */;
INSERT INTO `category` VALUES (1,'Nike'),(2,'Addidas'),(3,'Jordan'),(135,'Ananas 1');
/*!40000 ALTER TABLE `category` ENABLE KEYS */;
UNLOCK TABLES;

--
-- Table structure for table `contact`
--

DROP TABLE IF EXISTS `contact`;
/*!40101 SET @saved_cs_client     = @@character_set_client */;
/*!50503 SET character_set_client = utf8mb4 */;
CREATE TABLE `contact` (
  `name` varchar(50) DEFAULT NULL,
  `email` varchar(50) DEFAULT NULL,
  `message` varchar(50) DEFAULT NULL
) ENGINE=InnoDB DEFAULT CHARSET=utf8mb4 ROW_FORMAT=COMPACT;
/*!40101 SET character_set_client = @saved_cs_client */;

--
-- Dumping data for table `contact`
--

LOCK TABLES `contact` WRITE;
/*!40000 ALTER TABLE `contact` DISABLE KEYS */;
INSERT INTO `contact` VALUES ('Hảo đẹp trai','hao123@gmail.com','Chào mọi người, lại là Hảo đây!'),('haha hi hi','hihi@gmail.com','Chèo');
/*!40000 ALTER TABLE `contact` ENABLE KEYS */;
UNLOCK TABLES;

--
-- Table structure for table `detailorder`
--

DROP TABLE IF EXISTS `detailorder`;
/*!40101 SET @saved_cs_client     = @@character_set_client */;
/*!50503 SET character_set_client = utf8mb4 */;
CREATE TABLE `detailorder` (
  `oid` int(11) NOT NULL,
  `pid` int(11) NOT NULL,
  `quantity` int(11) DEFAULT NULL,
  PRIMARY KEY (`oid`,`pid`) USING BTREE,
  KEY `FK_Product_idx` (`pid`) USING BTREE,
  CONSTRAINT `FK_Order` FOREIGN KEY (`oid`) REFERENCES `orders` (`oid`),
  CONSTRAINT `FK_Product` FOREIGN KEY (`pid`) REFERENCES `product` (`id`)
) ENGINE=InnoDB DEFAULT CHARSET=utf8mb4 ROW_FORMAT=COMPACT;
/*!40101 SET character_set_client = @saved_cs_client */;

--
-- Dumping data for table `detailorder`
--

LOCK TABLES `detailorder` WRITE;
/*!40000 ALTER TABLE `detailorder` DISABLE KEYS */;
INSERT INTO `detailorder` VALUES (40,7,1),(41,4,1),(42,7,1),(43,7,1),(43,8,1),(43,30,1),(44,7,1),(44,8,1),(44,30,1),(45,8,1),(46,4,1),(47,4,1),(48,31,1),(49,31,1),(50,31,1),(51,31,1),(52,30,1),(53,7,3),(53,8,1),(54,7,1),(54,12,1),(55,10,1),(55,12,1),(56,31,1),(57,4,3),(57,7,1),(58,4,3),(58,7,1),(59,4,1),(59,7,1),(60,4,1),(60,7,1),(61,7,1),(62,30,1),(65,7,1),(75,30,2),(85,31,1),(95,30,1),(105,7,1),(115,27,1),(125,7,1),(135,9,1),(145,10,2),(155,10,2),(165,10,2),(175,10,2),(185,27,1),(195,32,1),(205,32,1),(215,32,1),(225,32,1),(235,7,1),(245,8,1),(255,4,1),(255,32,1),(265,4,1),(265,32,1),(275,4,1),(275,7,1),(275,32,1),(285,4,1),(285,7,1),(295,4,1),(295,7,1),(305,4,1),(305,7,1),(315,4,1),(315,7,1),(325,7,1),(335,7,1),(345,7,1),(355,7,1),(365,7,1),(375,7,1),(385,7,1),(395,7,1),(405,7,1),(415,7,1),(425,7,1),(435,8,1),(445,8,3),(455,7,1),(465,8,3),(475,7,1),(485,7,1),(495,7,1),(505,8,3),(505,10,1),(515,4,1),(525,4,1),(535,33,3),(545,7,1),(545,8,1),(555,7,1),(555,8,1),(565,33,3),(575,7,1),(575,8,1),(585,4,1),(585,18,2),(595,31,1),(605,29,1),(615,12,2),(625,7,1),(635,7,1),(645,7,1),(655,7,1),(665,7,1),(675,12,2),(685,4,3),(685,7,2),(695,10,1),(695,13,1),(705,9,2),(705,10,1),(705,13,1),(705,28,2),(715,4,1),(725,20,1),(735,20,1),(745,20,1),(755,16,1),(755,20,1),(765,8,2),(765,28,1),(775,8,2),(775,28,1),(785,8,2),(785,28,1),(795,28,1),(805,8,2),(805,10,1),(805,28,1),(815,34,2),(815,205,1),(825,29,1),(835,31,1),(895,29,1),(925,30,1),(925,205,3),(945,29,3),(945,32,1),(955,4,1),(955,7,1),(955,8,1),(955,9,1),(955,10,1),(955,12,1),(955,13,1),(955,14,1),(955,15,1),(955,16,1),(955,17,1),(955,18,1),(955,19,1),(955,20,1),(955,21,1),(955,22,1),(955,24,1),(955,25,1),(955,27,1),(955,28,2),(955,29,2),(955,30,2),(955,31,2),(955,32,2),(955,33,2),(955,34,2),(955,205,1),(965,4,1),(965,7,1),(965,8,1),(965,9,1),(965,10,1),(965,12,1),(965,13,1),(965,14,1),(965,15,1),(965,16,1),(965,17,1),(965,18,1),(965,19,1),(965,20,1),(965,21,1),(965,22,1),(965,24,1),(965,25,1),(965,27,1),(965,28,2),(965,29,2),(965,30,2),(965,31,2),(965,32,2),(965,33,2),(965,34,2),(965,205,1),(975,28,1),(975,29,1),(975,32,1),(975,34,1),(985,28,1),(985,29,1),(985,32,1),(985,34,1),(995,4,1),(995,7,1),(995,8,1),(995,9,1),(995,10,1),(995,12,1),(995,13,1),(995,14,1),(995,15,1),(995,16,1),(995,17,1),(995,18,1),(995,19,1),(995,20,1),(995,21,1),(995,22,1),(995,24,1),(995,25,1),(995,27,1),(995,28,30),(1065,28,1),(1085,28,2),(1145,28,1),(1155,28,1),(1655,28,17),(1685,28,1),(1705,28,1),(1715,28,1),(1865,28,1),(1885,28,1),(1895,28,1),(2095,28,4),(2095,29,1),(2115,28,1),(2115,29,1),(2115,30,1),(2115,31,1),(2115,32,1),(2115,33,1),(2115,34,1),(2115,205,1),(2135,7,1),(2135,10,1),(2135,12,1),(2135,14,1),(2135,16,1),(2135,19,1),(2135,21,1),(2135,22,1),(2135,24,1),(2135,25,1),(2135,27,1),(2135,28,2),(2135,29,2),(2135,30,2),(2135,31,2),(2135,32,2),(2135,33,2),(2135,34,2),(2135,205,1),(2155,29,1),(2165,8,1),(2185,4,1),(2185,8,3),(2195,7,1),(2205,8,3),(2205,17,1),(2205,29,1),(2255,30,1),(2295,29,1),(2295,33,4),(2315,28,1),(2315,29,1),(2315,30,1),(2315,31,1),(2315,32,1),(2315,33,1),(2315,34,1),(2315,205,1),(2325,7,1),(2325,8,1),(2325,12,1),(2325,14,1),(2325,16,1),(2325,18,1),(2325,20,1),(2325,22,1),(2325,24,1),(2325,25,1),(2325,27,1),(2325,28,2),(2325,29,2),(2325,30,2),(2325,31,2),(2325,32,2),(2325,33,2),(2325,34,2),(2325,205,1),(2335,7,1),(2335,8,1),(2335,12,1),(2335,14,1),(2335,16,1),(2335,18,1),(2335,20,1),(2335,22,1),(2335,24,1),(2335,25,1),(2335,27,1),(2335,28,2),(2335,29,2),(2335,30,2),(2335,31,2),(2335,32,2),(2335,33,2),(2335,34,2),(2335,205,1),(2345,4,1),(2345,7,1),(2345,8,1),(2345,9,1),(2345,10,1),(2345,12,1),(2345,13,1),(2345,14,1),(2345,15,1),(2345,16,1),(2345,17,1),(2345,18,1),(2345,19,1),(2345,20,1),(2345,21,1),(2345,22,1),(2345,24,1),(2345,25,1),(2345,27,1),(2345,28,32),(2355,28,1),(2365,28,1),(2435,28,1),(2445,28,1),(2455,28,1),(2475,28,1),(2485,28,1),(3005,28,26),(3015,28,1),(3025,28,1),(3035,28,1),(3485,28,2),(3535,28,1),(3545,28,30),(5015,33,1),(5025,30,1),(5075,28,1),(5075,31,1),(5085,8,1),(5085,33,1),(5095,8,1),(5095,33,1),(5135,29,1),(5145,28,1),(5155,28,1),(5165,31,1),(5185,28,1),(5185,29,1),(5185,30,1),(5185,31,1),(5185,32,1),(5185,33,1),(5185,34,1),(5185,205,1),(5205,7,1),(5205,9,1),(5205,12,1),(5205,14,1),(5205,16,1),(5205,18,1),(5205,20,1),(5205,22,1),(5205,24,1),(5205,25,1),(5205,27,1),(5205,28,2),(5205,29,2),(5205,30,2),(5205,31,2),(5205,32,2),(5205,33,2),(5205,34,2),(5205,205,1),(5215,16,1),(5215,17,1),(5215,18,1),(5215,19,1),(5215,20,1),(5215,21,1),(5215,22,1),(5215,24,1),(5215,25,1),(5215,27,1),(5215,28,30),(5225,16,1),(5225,17,1),(5225,18,1),(5225,19,1),(5225,20,1),(5225,21,1),(5225,22,1),(5225,24,1),(5225,25,1),(5225,27,1),(5225,28,41),(5235,16,1),(5235,17,1),(5235,18,1),(5235,19,1),(5235,20,1),(5235,21,1),(5235,24,1),(5235,25,1),(5235,27,1),(5235,28,45),(5245,16,1),(5245,17,1),(5245,18,1),(5245,19,1),(5245,20,1),(5245,21,1),(5245,22,1),(5245,24,1),(5245,25,1),(5245,27,1),(5245,28,45),(5255,16,1),(5255,17,1),(5255,18,1),(5255,19,1),(5255,20,1),(5255,21,1),(5255,22,1),(5255,24,1),(5255,25,1),(5255,27,1),(5255,28,45),(5265,16,1),(5265,17,1),(5265,18,1),(5265,19,1),(5265,20,1),(5265,21,1),(5265,22,1),(5265,24,1),(5265,25,1),(5265,27,1),(5265,28,45),(5275,16,1),(5275,17,1),(5275,18,1),(5275,19,1),(5275,20,1),(5275,21,1),(5275,22,1),(5275,24,1),(5275,25,1),(5275,27,1),(5275,28,45),(5285,16,1),(5285,17,1),(5285,18,1),(5285,19,1),(5285,20,1),(5285,21,1),(5285,22,1),(5285,24,1),(5285,25,1),(5285,27,1),(5285,28,45),(5295,16,1),(5295,17,1),(5295,18,1),(5295,19,1),(5295,20,1),(5295,21,1),(5295,22,1),(5295,24,1),(5295,25,1),(5295,27,1),(5295,28,45),(5305,16,1),(5305,17,1),(5305,18,1),(5305,19,1),(5305,20,1),(5305,21,1),(5305,22,1),(5305,24,1),(5305,25,1),(5305,27,1),(5305,28,45),(5315,16,1),(5315,17,1),(5315,18,1),(5315,19,1),(5315,20,1),(5315,21,1),(5315,22,1),(5315,24,1),(5315,25,1),(5315,27,1),(5315,28,45),(5325,16,1),(5325,17,1),(5325,18,1),(5325,19,1),(5325,20,1),(5325,21,1),(5325,22,1),(5325,24,1),(5325,25,1),(5325,27,1),(5325,28,45),(5335,16,1),(5335,17,1),(5335,18,1),(5335,19,1),(5335,20,1),(5335,21,1),(5335,22,1),(5335,24,1),(5335,25,1),(5335,27,1),(5335,28,45),(5345,16,1),(5345,17,1),(5345,18,1),(5345,19,1),(5345,20,1),(5345,21,1),(5345,22,1),(5345,24,1),(5345,25,1),(5345,27,1),(5345,28,45),(5355,16,1),(5355,17,1),(5355,18,1),(5355,19,1),(5355,20,1),(5355,21,1),(5355,22,1),(5355,24,1),(5355,25,1),(5355,27,1),(5355,28,45),(5365,16,1),(5365,17,1),(5365,18,1),(5365,19,1),(5365,20,1),(5365,21,1),(5365,22,1),(5365,24,1),(5365,25,1),(5365,27,1),(5365,28,45),(5375,16,1),(5375,17,1),(5375,18,1),(5375,19,1),(5375,20,1),(5375,21,1),(5375,22,1),(5375,24,1),(5375,25,1),(5375,27,1),(5375,28,45),(5385,16,1),(5385,17,1),(5385,18,1),(5385,19,1),(5385,20,1),(5385,21,1),(5385,22,1),(5385,24,1),(5385,25,1),(5385,27,1),(5385,28,45),(5395,16,1),(5395,17,1),(5395,18,1),(5395,19,1),(5395,20,1),(5395,21,1),(5395,22,1),(5395,24,1),(5395,25,1),(5395,27,1),(5395,28,45),(5405,16,1),(5405,17,1),(5405,18,1),(5405,19,1),(5405,20,1),(5405,21,1),(5405,22,1),(5405,24,1),(5405,25,1),(5405,27,1),(5405,28,45),(5415,16,1),(5415,17,1),(5415,18,1),(5415,19,1),(5415,20,1),(5415,21,1),(5415,22,1),(5415,24,1),(5415,25,1),(5415,27,1),(5415,28,45),(5425,16,1),(5425,17,1),(5425,18,1),(5425,19,1),(5425,20,1),(5425,21,1),(5425,22,1),(5425,24,1),(5425,25,1),(5425,27,1),(5425,28,45),(5435,16,1),(5435,17,1),(5435,18,1),(5435,19,1),(5435,20,1),(5435,21,1),(5435,22,1),(5435,24,1),(5435,25,1),(5435,27,1),(5435,28,45),(5445,16,1),(5445,17,1),(5445,18,1),(5445,19,1),(5445,20,1),(5445,21,1),(5445,22,1),(5445,24,1),(5445,25,1),(5445,27,1),(5445,28,45),(5455,16,1),(5455,17,1),(5455,18,1),(5455,19,1),(5455,20,1),(5455,21,1),(5455,22,1),(5455,24,1),(5455,25,1),(5455,27,1),(5455,28,45),(5465,16,1),(5465,17,1),(5465,18,1),(5465,19,1),(5465,20,1),(5465,21,1),(5465,22,1),(5465,24,1),(5465,25,1),(5465,27,1),(5465,28,45),(5475,16,1),(5475,17,1),(5475,18,1),(5475,19,1),(5475,20,1),(5475,21,1),(5475,22,1),(5475,24,1),(5475,25,1),(5475,27,1),(5475,28,45),(5485,16,1),(5485,17,1),(5485,18,1),(5485,19,1),(5485,20,1),(5485,21,1),(5485,22,1),(5485,24,1),(5485,25,1),(5485,27,1),(5485,28,45),(5504,7,1);
/*!40000 ALTER TABLE `detailorder` ENABLE KEYS */;
UNLOCK TABLES;

--
-- Table structure for table `member`
--

DROP TABLE IF EXISTS `member`;
/*!40101 SET @saved_cs_client     = @@character_set_client */;
/*!50503 SET character_set_client = utf8mb4 */;
CREATE TABLE `member` (
  `mid` int(11) NOT NULL,
  `name` varchar(50) DEFAULT NULL,
  `age` int(11) DEFAULT NULL,
  `email` varchar(50) DEFAULT NULL,
  `phone` varchar(50) DEFAULT NULL,
  `address` varchar(50) DEFAULT NULL,
  PRIMARY KEY (`mid`) USING BTREE,
  CONSTRAINT `FK_Member_Account` FOREIGN KEY (`mid`) REFERENCES `account` (`id`)
) ENGINE=InnoDB DEFAULT CHARSET=utf8mb4 ROW_FORMAT=COMPACT;
/*!40101 SET character_set_client = @saved_cs_client */;

--
-- Dumping data for table `member`
--

LOCK TABLES `member` WRITE;
/*!40000 ALTER TABLE `member` DISABLE KEYS */;
INSERT INTO `member` VALUES (1,'Lê Vũ Hảo',45,'hao@gmail.com','0912345876','Hồ Chí Minh'),(2,'Lê Vũ Hảo',21,'caihoncuagiamnguc@gmail.com','0912470215','Nghệ An');
/*!40000 ALTER TABLE `member` ENABLE KEYS */;
UNLOCK TABLES;

--
-- Table structure for table `orders`
--

DROP TABLE IF EXISTS `orders`;
/*!40101 SET @saved_cs_client     = @@character_set_client */;
/*!50503 SET character_set_client = utf8mb4 */;
CREATE TABLE `orders` (
  `oid` int(11) NOT NULL AUTO_INCREMENT,
  `totalQuantity` int(11) DEFAULT NULL,
  `totalMoney` double DEFAULT NULL,
  `purchaseDate` date DEFAULT NULL,
  `address` varchar(50) DEFAULT NULL,
  `email` varchar(50) DEFAULT NULL,
  `phone` varchar(50) DEFAULT NULL,
  `state` varchar(50) DEFAULT NULL,
  PRIMARY KEY (`oid`) USING BTREE
) ENGINE=InnoDB AUTO_INCREMENT=5514 DEFAULT CHARSET=utf8mb4 ROW_FORMAT=COMPACT;
/*!40101 SET character_set_client = @saved_cs_client */;

--
-- Dumping data for table `orders`
--

LOCK TABLES `orders` WRITE;
/*!40000 ALTER TABLE `orders` DISABLE KEYS */;
INSERT INTO `orders` VALUES (40,1,60,'2021-11-05','Quan 10','haidz1004@gmail.com','0826926486','Created'),(41,1,45,'2021-10-05','Quan 10','haidz1004@gmail.com','0826926486','Created'),(42,1,60,'2021-09-05','Quan 10','haidz1004@gmail.com','0826926486','Created'),(43,3,107,'2021-08-06','','','','Created'),(44,3,107,'2021-07-06','Quan 10','haidz1004@gmail.com','0826926486','Created'),(45,1,35,'2021-06-06','Quan 10','haidz1004@gmail.com','0826926486','Created'),(46,1,45,'2021-05-06','123','haovu961@gmail.com','123','Created'),(47,1,45,'2021-04-06','123','haidz1004@gmail.com','123','Created'),(48,1,35,'2021-03-06','Quan 10','haidz1004@gmail.com','0826926486','Created'),(49,1,35,'2021-02-06','Quan 10','haidz1004@gmail.com','0826926486','Created'),(50,1,35,'2021-01-06','Quan 10','haidz1004@gmail.com','0826926486','Created'),(51,1,35,'2021-12-06','Quan 10','haidz1004@gmail.com','0826926486','Created'),(52,1,12,'2021-12-06','Quan 10','haidz1004@gmail.com','0826926486','Created'),(53,4,95,'2021-12-06','Quan 10','haidz1004@gmail.com','0826926486','Created'),(54,2,110,'2021-12-06','Quan 10','haidz1004@gmail.com','0826926486','Created'),(55,2,100,'2021-12-06','Quan 10','haidz1004@gmail.com','0826926486','Created'),(56,1,35,'2021-12-06','Quan 10','haidz1004@gmail.com','0826926486','Created'),(57,4,245,'2021-12-06','Quan 10','haidz1004@gmail.com','0826926486','Created'),(58,4,245,'2021-12-06','','a@gmail.com','','Created'),(59,2,155,'2021-12-06','Quan 10','haidz1004@gmail.com','0826926486','Created'),(60,2,155,'2021-12-06','','','','Created'),(61,1,110,'2021-12-06','Quan 10','haidz1004@gmail.com','0826926486','Created'),(62,1,62,'2021-12-07','Quan 10','haidz1004@gmail.com','0826926486','Created'),(65,1,110,'2021-12-07','Quan 10','haidz1004@gmail.com','0826926486','Created'),(75,2,74,'2021-12-07','Binh Định','hieubaka00@gmail.com','0123456789','Created'),(85,1,85,'2021-12-07','Binh Dinh','hieubaka00@gmail.com','0123456789','Created'),(95,1,62,'2021-12-07','Binh Dinh','hieubaka00@gmail.com','0123456789','Created'),(105,1,110,'2021-12-07','123','haidz1004@gmail.com','123','Created'),(115,1,89,'2021-12-07','Quan 10','haidz1004@gmail.com','0826926486','Created'),(125,1,110,'2021-12-07','Quan 10','haidz1004@gmail.com','0826926486','Created'),(135,1,140,'2021-12-07','Quan 10','haidz1004@gmail.com','0826926486','Created'),(145,1,100,'2021-12-07','Ho Chi Minh City','haidz1004@gmail.com','0826926486','Created'),(155,1,100,'2021-12-07','Ho Chi Minh City','haidz1004@gmail.com','0826926486','Created'),(165,1,100,'2021-12-07','Ho Chi Minh City','haidz1004@gmail.com','0826926486','Created'),(175,1,100,'2021-12-07','Ho Chi Minh City','haidz1004@gmail.com','0826926486','Created'),(185,1,89,'2021-12-07','Quan 10','haidz1004@gmail.com','0826926486','Created'),(195,1,140,'2021-12-07','Ho Chi Minh City','haidz1004@gmail.com','0826926486','Created'),(205,1,140,'2021-12-07','Ho Chi Minh City','haidz1004@gmail.com','0826926486','Created'),(215,1,140,'2021-12-07','Ho Chi Minh City','haidz1004@gmail.com','0826926486','Created'),(225,1,140,'2021-12-07','Ho Chi Minh City','haidz1004@gmail.com','0826926486','Created'),(235,1,110,'2021-12-07','Quan 10','haidz1004@gmail.com','0826926486','Created'),(245,1,85,'2021-12-07','Quan 10','haidz1004@gmail.com','0826926486','Created'),(255,2,182,'2021-12-07','Ho Chi Minh City','haidz1004@gmail.com','0826926486','Created'),(265,2,182,'2021-12-07','Ho Chi Minh City','haidz1004@gmail.com','0826926486','Created'),(275,3,242,'2021-12-07','Ho Chi Minh City','haidz1004@gmail.com','0826926486','Created'),(285,2,152,'2021-12-07','Ho Chi Minh City','haidz1004@gmail.com','0826926486','Created'),(295,2,152,'2021-12-07','Ho Chi Minh City','haidz1004@gmail.com','0826926486','Created'),(305,2,152,'2021-12-07','Ho Chi Minh City','haidz1004@gmail.com','0826926486','Created'),(315,2,152,'2021-12-07','Ho Chi Minh City','thaihai1004@gmail.com','0826926486','Created'),(325,1,110,'2021-12-07','Ho Chi Minh City','haidz1004@gmail.com','0826926486','Created'),(335,1,110,'2021-12-07','Quan 10','haidz1004@gmail.com','0826926486','Created'),(345,1,110,'2021-12-07','Quan 10','haidz1004@gmail.com','0826926486','Created'),(355,1,110,'2021-12-07','Ho Chi Minh City','haidz1004@gmail.com','0826926486','Created'),(365,1,110,'2021-12-07','Ho Chi Minh City','haidz1004@gmail.com','0826926486','Created'),(375,1,110,'2021-12-07','Ho Chi Minh City','haidz1004@gmail.com','0826926486','Created'),(385,1,110,'2021-12-07','Ho Chi Minh City','octieusan@gmail.com','0826926486','Created'),(395,1,110,'2021-12-07','Quan 10','haidz1004@gmail.com','0826926486','Created'),(405,1,110,'2021-12-07','Ho Chi Minh City','haidz1004@gmail.com','0826926486','Created'),(415,1,110,'2021-12-07','Ho Chi Minh City','haidz1004@gmail.com','0826926486','Created'),(425,1,110,'2021-12-07','Ho Chi Minh City','haidz1004@gmail.com','0826926486','Created'),(435,1,85,'2021-12-07','911 Kha V?n Cân, Linh Tây, Th? ??c, tp.HCM','19110359@student.hcmute.edu.vn','0966961429','Created'),(445,3,155,'2021-12-07','','','','Created'),(455,1,110,'2021-11-07','Ho Chi Minh City','haidz1004@gmail.com','0826926486','Created'),(465,3,155,'2021-11-07','911/12/3 Kha V?n Cân, Linh Tây, Th? ??c, tp.HCM','caihoncuagiamnguc@gmail.com','+84966961429','Created'),(475,1,110,'2021-11-07','Ho Chi Minh City','haidz1004@gmail.com','0826926486','Created'),(485,1,110,'2021-12-07','Ho Chi Minh City','haidz1004@gmail.com','0826926486','Created'),(495,1,110,'2021-12-07','Ho Chi Minh City','haidz1004@gmail.com','0826926486','Created'),(505,4,205,'2021-12-07','da','caihoncuagiamnguc@gmail.com','+84966961429','Created'),(515,1,92,'2021-12-08','Quan 10','haidz1004@gmail.com','0826926486','Complete'),(525,1,92,'2021-12-08','Quan 10','haidz1004@gmail.com','0826926486','Created'),(535,3,320,'2021-12-08','da','caihoncuagiamnguc@gmail.com','+84966961429','Created'),(545,2,145,'2021-12-08','Ho Chi Minh City','haidz1004@gmail.com','0826926486','Created'),(555,2,145,'2021-12-08','Ho Chi Minh City','haidz1004@gmail.com','0826926486','Created'),(565,3,320,'2021-12-08','da','caihoncuagiamnguc@gmail.com','+84966961429','Created'),(575,2,145,'2021-12-08','','','','Complete'),(585,3,292,'2021-12-08','Ho Chi Minh','tranluutheanh176@gmail.com','0707261102','Created'),(595,1,85,'2021-12-08','Quan 10','haidz1004@gmail.com','0826926486','Created'),(605,1,100,'2021-12-08','Ho Chi Minh','tranluutheanh176@gmail.com','0707261102','Created'),(615,2,150,'2021-12-08','Ngh? An','caihoncuagiamnguc@gmail.com','0912470215','Created'),(625,1,110,'2021-12-08','','','','Created'),(635,1,110,'2021-12-08','','','','Created'),(645,1,110,'2021-12-08','','','','Created'),(655,1,110,'2021-12-08','','','','Created'),(665,1,110,'2021-12-08','da','caihoncuagiamnguc@gmail.com','+84966961429','Created'),(675,2,150,'2021-12-08','Ngh? An','caihoncuagiamnguc@gmail.com','0912470215','Created'),(685,5,296,'2021-12-08','911 Kha V?n Cân, Linh Tây, Th? ??c, tp.HCM','19110359@student.hcmute.edu.vn','0966961429','Created'),(695,2,145,'2021-12-08','Ho Chi Minh City','haidz1004@gmail.com','0826926486','Created'),(705,6,291,'2021-12-08','Ho Chi Minh City','thaihai1004@gmail.com','0826926486','Created'),(715,1,92,'2021-12-08','Ho Chi Minh City','haidz1004@gmail.com','0826926486','Complete'),(725,1,132,'2021-12-08','','','','Created'),(735,1,132,'2021-11-08','china','hieubaka00@gmail.com','0987654321','Created'),(745,1,132,'2021-11-08','china','hieubaka00@gmail.com','0987654321','Created'),(755,2,207,'2021-11-08','china','hieubaka00@gmail.com','0987654321','Created'),(765,3,148,'2021-12-08','Ho Chi Minh City','haidz1004@gmail.com','0826926486','Created'),(775,3,148,'2021-12-08','Ho Chi Minh City','haidz1004@gmail.com','0826926486','Complete'),(785,3,148,'2021-12-08','Ho Chi Minh City','thaihai1004@gmail.com','0826926486','Created'),(795,1,78,'2021-12-08','Quan 10','haidz1004@gmail.com','0826926486','Created'),(805,4,198,'2021-12-08','Ho Chi Minh City','haidz1004@gmail.com','0826926486','Created'),(815,3,280,'2021-12-08','','','','Complete'),(825,1,100,'2021-12-09','Quan 10','haidz1004@gmail.com','0826926486','Complete'),(835,1,85,'2021-12-09','Ho Chi Minh City','haidz1004@gmail.com','0826926486','Created'),(845,0,50,'2022-01-05','123','123@gmail.com','012341234','Created'),(855,0,0,'2022-01-05','123','123@gmail.com','012341234','Created'),(865,0,0,'2022-01-05','123','nguyenthienhoangeatam@gmail.com','012341234','Created'),(875,0,0,'2022-01-05','123','nguyenthienhoangeatam@gmail.com','012341234','Created'),(885,0,0,'2022-01-05','Ho Chi Minh City','haidz1004@gmail.com','0826926486','Created'),(895,1,100,'2022-01-27','','','','Created'),(905,0,0,'2022-01-27','da','caihoncuagiamnguc@gmail.com','+84966961429','Created'),(915,0,0,'2022-01-27','Linh Tay, Thu Duc','haovu961@gmail.com','+84966961429','Created'),(925,4,302,'2022-01-27','911 Kha V?n Cân, Linh Tây, Th? ??c, tp.HCM','19110359@student.hcmute.edu.vn','0966961429','Created'),(935,0,0,'2022-01-27','911 Kha V?n Cân, Linh Tây, Th? ??c, tp.HCM','19110359@student.hcmute.edu.vn','0966961429','Complete'),(945,4,290,'2022-03-13','Linh Tay, Thu Duc','haovu961@gmail.com','+84966961429','Created'),(955,35,1779,'2022-03-17','ZAP','foo-bar@example.com','9999999999','Created'),(965,35,1779,'2022-03-17','ZAP','foo-bar@example.com','9999999999','Complete'),(975,4,288,'2022-03-17','ZAP','foo-bar@example.com','9999999999','Created'),(985,4,288,'2022-03-17','ZAP','foo-bar@example.com','9999999999','Complete'),(995,20,1272,'2022-03-17','ZAP','foo-bar@example.com','9999999999','Created'),(1005,0,0,'2022-03-17','ZAP','foo-bar@example.com','9999999999','Created'),(1015,0,0,'2022-03-17','ZAP','foo-bar@example.com','9999999999','Created'),(1025,0,0,'2022-03-17','ZAP','foo-bar@example.com','9999999999','Created'),(1035,0,0,'2022-03-17','ZAP','foo-bar@example.com','9999999999','Created'),(1045,0,0,'2022-03-17','ZAP','foo-bar@example.com','9999999999','Created'),(1055,0,0,'2022-03-17','ZAP','foo-bar@example.com','9999999999','Created'),(1065,1,78,'2022-03-17','ZAP','foo-bar@example.com','9999999999','Created'),(1075,0,0,'2022-03-17','ZAP','foo-bar@example.com','9999999999','Created'),(1085,1,78,'2022-03-17','ZAP','foo-bar@example.com','9999999999','Created'),(1095,0,0,'2022-03-17','ZAP','foo-bar@example.com','9999999999','Created'),(1105,0,0,'2022-03-17','ZAP','foo-bar@example.com','9999999999','Created'),(1115,0,0,'2022-03-17','ZAP','foo-bar@example.com','9999999999','Created'),(1125,0,0,'2022-03-17','ZAP','foo-bar@example.com','9999999999','Created'),(1135,0,0,'2022-03-17','ZAP','foo-bar@example.com','9999999999','Created'),(1145,1,78,'2022-03-17','ZAP','c:/Windows/system.ini','9999999999','Created'),(1155,1,78,'2022-03-17','ZAP','c:\\Windows\\system.ini','9999999999','Created'),(1165,0,0,'2022-03-17','ZAP','/etc/passwd','9999999999','Created'),(1175,0,0,'2022-03-17','ZAP','c:/','9999999999','Created'),(1185,0,0,'2022-03-17','ZAP','/','9999999999','Created'),(1195,0,0,'2022-03-17','ZAP','c:\\','9999999999','Created'),(1205,0,0,'2022-03-17','ZAP','../../../../../../../../../../../../../../../../','9999999999','Created'),(1215,0,0,'2022-03-17','ZAP','WEB-INF/web.xml','9999999999','Created'),(1225,0,0,'2022-03-17','ZAP','WEB-INF\\web.xml','9999999999','Created'),(1235,0,0,'2022-03-17','ZAP','/WEB-INF/web.xml','9999999999','Created'),(1245,0,0,'2022-03-17','ZAP','\\WEB-INF\\web.xml','9999999999','Created'),(1255,0,0,'2022-03-17','ZAP','thishouldnotexistandhopefullyitwillnot','9999999999','Created'),(1265,0,0,'2022-03-17','ZAP','foo-bar@example.com','c:/Windows/system.ini','Created'),(1275,0,0,'2022-03-17','ZAP','foo-bar@example.com','c:\\Windows\\system.ini','Created'),(1285,0,0,'2022-03-17','ZAP','foo-bar@example.com','/etc/passwd','Created'),(1295,0,0,'2022-03-17','ZAP','foo-bar@example.com','c:/','Created'),(1305,0,0,'2022-03-17','ZAP','foo-bar@example.com','/','Created'),(1315,0,0,'2022-03-17','ZAP','foo-bar@example.com','c:\\','Created'),(1325,0,0,'2022-03-17','ZAP','foo-bar@example.com','../../../../../../../../../../../../../../../../','Created'),(1335,0,0,'2022-03-17','ZAP','foo-bar@example.com','WEB-INF/web.xml','Created'),(1345,0,0,'2022-03-17','ZAP','foo-bar@example.com','WEB-INF\\web.xml','Created'),(1355,0,0,'2022-03-17','ZAP','foo-bar@example.com','/WEB-INF/web.xml','Created'),(1365,0,0,'2022-03-17','ZAP','foo-bar@example.com','\\WEB-INF\\web.xml','Created'),(1375,0,0,'2022-03-17','ZAP','foo-bar@example.com','thishouldnotexistandhopefullyitwillnot','Created'),(1385,0,0,'2022-03-17','c:/Windows/system.ini','foo-bar@example.com','9999999999','Created'),(1395,0,0,'2022-03-17','c:\\Windows\\system.ini','foo-bar@example.com','9999999999','Created'),(1405,0,0,'2022-03-17','/etc/passwd','foo-bar@example.com','9999999999','Created'),(1415,0,0,'2022-03-17','c:/','foo-bar@example.com','9999999999','Created'),(1425,0,0,'2022-03-17','/','foo-bar@example.com','9999999999','Created'),(1435,0,0,'2022-03-17','c:\\','foo-bar@example.com','9999999999','Created'),(1445,0,0,'2022-03-17','../../../../../../../../../../../../../../../../','foo-bar@example.com','9999999999','Created'),(1455,0,0,'2022-03-17','WEB-INF/web.xml','foo-bar@example.com','9999999999','Created'),(1465,0,0,'2022-03-17','WEB-INF\\web.xml','foo-bar@example.com','9999999999','Created'),(1475,0,0,'2022-03-17','/WEB-INF/web.xml','foo-bar@example.com','9999999999','Created'),(1485,0,0,'2022-03-17','\\WEB-INF\\web.xml','foo-bar@example.com','9999999999','Created'),(1495,0,0,'2022-03-17','thishouldnotexistandhopefullyitwillnot','foo-bar@example.com','9999999999','Created'),(1505,0,0,'2022-03-17','ZAP','foo-bar@example.com','9999999999','Created'),(1515,0,0,'2022-03-17','ZAP','foo-bar@example.com','9999999999','Created'),(1525,0,0,'2022-03-17','ZAP','foo-bar@example.com','9999999999','Created'),(1535,0,0,'2022-03-17','ZAP','foo-bar@example.com','9999999999','Created'),(1545,0,0,'2022-03-17','ZAP','foo-bar@example.com','9999999999','Created'),(1555,0,0,'2022-03-17','ZAP','foo-bar@example.com','9999999999','Created'),(1565,0,0,'2022-03-17','ZAP','foo-bar@example.com','9999999999','Created'),(1575,0,0,'2022-03-17','ZAP','foo-bar@example.com','9999999999','Created'),(1585,0,0,'2022-03-17','ZAP','foo-bar@example.com','9999999999','Created'),(1595,0,0,'2022-03-17','ZAP','foo-bar@example.com','9999999999','Created'),(1605,0,0,'2022-03-17','ZAP','foo-bar@example.com','9999999999','Created'),(1615,0,0,'2022-03-17','ZAP','foo-bar@example.com','9999999999','Created'),(1625,0,0,'2022-03-17','ZAP','foo-bar@example.com','9999999999','Created'),(1635,0,0,'2022-03-17','ZAP','foo-bar@example.com','9999999999','Created'),(1645,0,0,'2022-03-17','ZAP','foo-bar@example.com','9999999999','Created'),(1655,1,78,'2022-03-17','ZAP','foo-bar@example.com','9999999999','Created'),(1665,0,0,'2022-03-17','ZAP','foo-bar@example.com','9999999999','Created'),(1675,0,0,'2022-03-17','ZAP','foo-bar@example.com','9999999999','Created'),(1685,1,78,'2022-03-17','ZAP','foo-bar@example.com','9999999999','Created'),(1695,0,0,'2022-03-17','ZAP','foo-bar@example.com','9999999999','Created'),(1705,1,78,'2022-03-17','ZAP','foo-bar@example.com','9999999999','Created'),(1715,1,78,'2022-03-17','ZAP','foo-bar@example.com','9999999999','Created'),(1725,0,0,'2022-03-17','ZAP','foo-bar@example.com','9999999999','Created'),(1735,0,0,'2022-03-17','ZAP','foo-bar@example.com','9999999999','Created'),(1745,0,0,'2022-03-17','ZAP','foo-bar@example.com','9999999999','Created'),(1755,0,0,'2022-03-17','ZAP','http://www.google.com/','9999999999','Created'),(1765,0,0,'2022-03-17','ZAP','http://www.google.com:80/','9999999999','Created'),(1775,0,0,'2022-03-17','ZAP','http://www.google.com','9999999999','Created'),(1785,0,0,'2022-03-17','ZAP','http://www.google.com/search?q=OWASP%20ZAP','9999999999','Created'),(1795,0,0,'2022-03-17','ZAP','http://www.google.com:80/search?q=OWASP%20ZAP','9999999999','Created'),(1805,0,0,'2022-03-17','ZAP','www.google.com/','9999999999','Created'),(1815,0,0,'2022-03-17','ZAP','www.google.com:80/','9999999999','Created'),(1825,0,0,'2022-03-17','ZAP','www.google.com','9999999999','Created'),(1835,0,0,'2022-03-17','ZAP','www.google.com/search?q=OWASP%20ZAP','9999999999','Created'),(1845,0,0,'2022-03-17','ZAP','www.google.com:80/search?q=OWASP%20ZAP','9999999999','Created'),(1855,0,0,'2022-03-17','ZAP','foo-bar@example.com','http://www.google.com/','Created'),(1865,1,78,'2022-03-17','ZAP','foo-bar@example.com','http://www.google.com:80/','Created'),(1875,0,0,'2022-03-17','ZAP','foo-bar@example.com','http://www.google.com','Created'),(1885,1,78,'2022-03-17','ZAP','foo-bar@example.com','http://www.google.com/search?q=OWASP%20ZAP','Created'),(1895,1,78,'2022-03-17','ZAP','foo-bar@example.com','http://www.google.com:80/search?q=OWASP%20ZAP','Created'),(1905,0,0,'2022-03-17','ZAP','foo-bar@example.com','www.google.com/','Created'),(1915,0,0,'2022-03-17','ZAP','foo-bar@example.com','www.google.com:80/','Created'),(1925,0,0,'2022-03-17','ZAP','foo-bar@example.com','www.google.com','Created'),(1935,0,0,'2022-03-17','ZAP','foo-bar@example.com','www.google.com/search?q=OWASP%20ZAP','Created'),(1945,0,0,'2022-03-17','ZAP','foo-bar@example.com','www.google.com:80/search?q=OWASP%20ZAP','Created'),(1955,0,0,'2022-03-17','http://www.google.com/','foo-bar@example.com','9999999999','Created'),(1965,0,0,'2022-03-17','http://www.google.com:80/','foo-bar@example.com','9999999999','Created'),(1975,0,0,'2022-03-17','http://www.google.com','foo-bar@example.com','9999999999','Created'),(1985,0,0,'2022-03-17','http://www.google.com/search?q=OWASP%20ZAP','foo-bar@example.com','9999999999','Created'),(1995,0,0,'2022-03-17','http://www.google.com:80/search?q=OWASP%20ZAP','foo-bar@example.com','9999999999','Created'),(2005,0,0,'2022-03-17','www.google.com/','foo-bar@example.com','9999999999','Created'),(2015,0,0,'2022-03-17','www.google.com:80/','foo-bar@example.com','9999999999','Created'),(2025,0,0,'2022-03-17','www.google.com','foo-bar@example.com','9999999999','Created'),(2035,0,0,'2022-03-17','www.google.com/search?q=OWASP%20ZAP','foo-bar@example.com','9999999999','Created'),(2045,0,0,'2022-03-17','www.google.com:80/search?q=OWASP%20ZAP','foo-bar@example.com','9999999999','Created'),(2055,0,0,'2022-03-17','ZAP','foo-bar@example.com','9999999999','Created'),(2065,0,0,'2022-03-17','ZAP','foo-bar@example.com','9999999999','Created'),(2075,0,0,'2022-03-17','ZAP','foo-bar@example.com','9999999999','Created'),(2095,5,212,'2022-03-17','','','','Created'),(2105,8,505,'2022-03-23','ZAP','foo-bar@example.com','9999999999','Created'),(2115,8,505,'2022-03-23','ZAP','foo-bar@example.com','9999999999','Complete'),(2125,27,1213,'2022-03-23','ZAP','foo-bar@example.com','9999999999','Created'),(2135,27,1213,'2022-03-23','ZAP','foo-bar@example.com','9999999999','Complete'),(2145,0,0,'2022-03-29','','','','Created'),(2155,1,100,'2022-03-29','da','caihoncuagiamnguc@gmail.com','+84966961429','Created'),(2165,1,85,'2022-03-29','','','','Created'),(2175,0,0,'2022-03-29','','','','Complete'),(2185,4,197,'2022-03-29','da','caihoncuagiamnguc@gmail.com','+84966961429','Created'),(2195,1,110,'2022-03-29','','','','Complete'),(2205,5,300,'2022-04-13','','','','Created'),(2215,0,0,'2022-04-13','da','caihoncuagiamnguc@gmail.com','+84966961429','Created'),(2225,0,0,'2022-04-13','da','caihoncuagiamnguc@gmail.com','+84966961429','Created'),(2235,0,0,'2022-04-13','da','caihoncuagiamnguc@gmail.com','+84966961429','Created'),(2245,0,0,'2022-04-13','da','caihoncuagiamnguc@gmail.com','+84966961429','Created'),(2255,1,62,'2022-04-17','da','caihoncuagiamnguc@gmail.com','+84966961429','Created'),(2265,0,0,'2022-04-17','da','caihoncuagiamnguc@gmail.com','+84966961429','Created'),(2275,0,0,'2022-04-22','','','','Complete'),(2285,0,0,'2022-04-22','','','','Complete'),(2295,5,460,'2022-04-22','','','','Created'),(2305,8,505,'2022-04-28','ZAP','foo-bar@example.com','9999999999','Created'),(2315,8,505,'2022-04-28','ZAP','foo-bar@example.com','9999999999','Complete'),(2325,27,1245,'2022-04-28','ZAP','foo-bar@example.com','9999999999','Complete'),(2335,27,1245,'2022-04-28','ZAP','foo-bar@example.com','9999999999','Created'),(2345,20,1272,'2022-04-28','ZAP','foo-bar@example.com','9999999999','Created'),(2355,1,78,'2022-04-28','ZAP','foo-bar@example.com','9999999999','Created'),(2365,1,78,'2022-04-28','ZAP','foo-bar@example.com','9999999999','Created'),(2375,0,0,'2022-04-28','ZAP','foo-bar@example.com','9999999999','Created'),(2385,0,0,'2022-04-28','ZAP','foo-bar@example.com','9999999999','Created'),(2395,0,0,'2022-04-28','ZAP','foo-bar@example.com','9999999999','Created'),(2405,0,0,'2022-04-28','ZAP','foo-bar@example.com','9999999999','Created'),(2415,0,0,'2022-04-28','ZAP','foo-bar@example.com','9999999999','Created'),(2425,0,0,'2022-04-28','ZAP','foo-bar@example.com','9999999999','Created'),(2435,1,78,'2022-04-28','ZAP','foo-bar@example.com','9999999999','Created'),(2445,1,78,'2022-04-28','ZAP','foo-bar@example.com','9999999999','Created'),(2455,1,78,'2022-04-28','ZAP','foo-bar@example.com','9999999999','Created'),(2465,0,0,'2022-04-28','ZAP','foo-bar@example.com','9999999999','Created'),(2475,1,78,'2022-04-28','ZAP','foo-bar@example.com','9999999999','Created'),(2485,1,78,'2022-04-28','ZAP','foo-bar@example.com','9999999999','Created'),(2495,0,0,'2022-04-28','ZAP','c:/Windows/system.ini','9999999999','Created'),(2505,0,0,'2022-04-28','ZAP','c:\\Windows\\system.ini','9999999999','Created'),(2515,0,0,'2022-04-28','ZAP','/etc/passwd','9999999999','Created'),(2525,0,0,'2022-04-28','ZAP','c:/','9999999999','Created'),(2535,0,0,'2022-04-28','ZAP','/','9999999999','Created'),(2545,0,0,'2022-04-28','ZAP','c:\\','9999999999','Created'),(2555,0,0,'2022-04-28','ZAP','../../../../../../../../../../../../../../../../','9999999999','Created'),(2565,0,0,'2022-04-28','ZAP','WEB-INF/web.xml','9999999999','Created'),(2575,0,0,'2022-04-28','ZAP','WEB-INF\\web.xml','9999999999','Created'),(2585,0,0,'2022-04-28','ZAP','/WEB-INF/web.xml','9999999999','Created'),(2595,0,0,'2022-04-28','ZAP','\\WEB-INF\\web.xml','9999999999','Created'),(2605,0,0,'2022-04-28','ZAP','thishouldnotexistandhopefullyitwillnot','9999999999','Created'),(2615,0,0,'2022-04-28','ZAP','foo-bar@example.com','c:/Windows/system.ini','Created'),(2625,0,0,'2022-04-28','ZAP','foo-bar@example.com','c:\\Windows\\system.ini','Created'),(2635,0,0,'2022-04-28','ZAP','foo-bar@example.com','/etc/passwd','Created'),(2645,0,0,'2022-04-28','ZAP','foo-bar@example.com','c:/','Created'),(2655,0,0,'2022-04-28','ZAP','foo-bar@example.com','/','Created'),(2665,0,0,'2022-04-28','ZAP','foo-bar@example.com','c:\\','Created'),(2675,0,0,'2022-04-28','ZAP','foo-bar@example.com','../../../../../../../../../../../../../../../../','Created'),(2685,0,0,'2022-04-28','ZAP','foo-bar@example.com','WEB-INF/web.xml','Created'),(2695,0,0,'2022-04-28','ZAP','foo-bar@example.com','WEB-INF\\web.xml','Created'),(2705,0,0,'2022-04-28','ZAP','foo-bar@example.com','/WEB-INF/web.xml','Created'),(2715,0,0,'2022-04-28','ZAP','foo-bar@example.com','\\WEB-INF\\web.xml','Created'),(2725,0,0,'2022-04-28','ZAP','foo-bar@example.com','thishouldnotexistandhopefullyitwillnot','Created'),(2735,0,0,'2022-04-28','c:/Windows/system.ini','foo-bar@example.com','9999999999','Created'),(2745,0,0,'2022-04-28','c:\\Windows\\system.ini','foo-bar@example.com','9999999999','Created'),(2755,0,0,'2022-04-28','/etc/passwd','foo-bar@example.com','9999999999','Created'),(2765,0,0,'2022-04-28','c:/','foo-bar@example.com','9999999999','Created'),(2775,0,0,'2022-04-28','/','foo-bar@example.com','9999999999','Created'),(2785,0,0,'2022-04-28','c:\\','foo-bar@example.com','9999999999','Created'),(2795,0,0,'2022-04-28','../../../../../../../../../../../../../../../../','foo-bar@example.com','9999999999','Created'),(2805,0,0,'2022-04-28','WEB-INF/web.xml','foo-bar@example.com','9999999999','Created'),(2815,0,0,'2022-04-28','WEB-INF\\web.xml','foo-bar@example.com','9999999999','Created'),(2825,0,0,'2022-04-28','/WEB-INF/web.xml','foo-bar@example.com','9999999999','Created'),(2835,0,0,'2022-04-28','\\WEB-INF\\web.xml','foo-bar@example.com','9999999999','Created'),(2845,0,0,'2022-04-28','thishouldnotexistandhopefullyitwillnot','foo-bar@example.com','9999999999','Created'),(2855,0,0,'2022-04-28','ZAP','foo-bar@example.com','9999999999','Created'),(2865,0,0,'2022-04-28','ZAP','foo-bar@example.com','9999999999','Created'),(2875,0,0,'2022-04-28','ZAP','foo-bar@example.com','9999999999','Created'),(2885,0,0,'2022-04-28','ZAP','foo-bar@example.com','9999999999','Created'),(2895,0,0,'2022-04-28','ZAP','foo-bar@example.com','9999999999','Created'),(2905,0,0,'2022-04-28','ZAP','foo-bar@example.com','9999999999','Created'),(2915,0,0,'2022-04-28','ZAP','foo-bar@example.com','9999999999','Created'),(2925,0,0,'2022-04-28','ZAP','foo-bar@example.com','9999999999','Created'),(2935,0,0,'2022-04-28','ZAP','foo-bar@example.com','9999999999','Created'),(2945,0,0,'2022-04-28','ZAP','foo-bar@example.com','9999999999','Created'),(2955,0,0,'2022-04-28','ZAP','foo-bar@example.com','9999999999','Created'),(2965,0,0,'2022-04-28','ZAP','foo-bar@example.com','9999999999','Created'),(2975,0,0,'2022-04-28','ZAP','foo-bar@example.com','9999999999','Created'),(2985,0,0,'2022-04-28','ZAP','foo-bar@example.com','9999999999','Created'),(2995,0,0,'2022-04-28','ZAP','foo-bar@example.com','9999999999','Created'),(3005,1,78,'2022-04-28','ZAP','foo-bar@example.com','9999999999','Created'),(3015,1,78,'2022-04-28','ZAP','foo-bar@example.com','9999999999','Created'),(3025,1,78,'2022-04-28','ZAP','foo-bar@example.com','9999999999','Created'),(3035,1,78,'2022-04-28','ZAP','foo-bar@example.com','9999999999','Created'),(3045,0,0,'2022-04-28','ZAP','foo-bar@example.com','9999999999','Created'),(3055,0,0,'2022-04-28','ZAP','foo-bar@example.com','9999999999','Created'),(3065,0,0,'2022-04-28','ZAP','foo-bar@example.com','9999999999','Created'),(3075,0,0,'2022-04-28','ZAP','foo-bar@example.com','9999999999','Created'),(3085,0,0,'2022-04-28','ZAP','foo-bar@example.com','9999999999','Created'),(3095,0,0,'2022-04-28','ZAP','foo-bar@example.com','9999999999','Created'),(3105,0,0,'2022-04-28','ZAP','http://www.google.com/','9999999999','Created'),(3115,0,0,'2022-04-28','ZAP','http://www.google.com:80/','9999999999','Created'),(3125,0,0,'2022-04-28','ZAP','http://www.google.com','9999999999','Created'),(3135,0,0,'2022-04-28','ZAP','http://www.google.com/search?q=OWASP%20ZAP','9999999999','Created'),(3145,0,0,'2022-04-28','ZAP','http://www.google.com:80/search?q=OWASP%20ZAP','9999999999','Created'),(3155,0,0,'2022-04-28','ZAP','www.google.com/','9999999999','Created'),(3165,0,0,'2022-04-28','ZAP','www.google.com:80/','9999999999','Created'),(3175,0,0,'2022-04-28','ZAP','www.google.com','9999999999','Created'),(3185,0,0,'2022-04-28','ZAP','www.google.com/search?q=OWASP%20ZAP','9999999999','Created'),(3195,0,0,'2022-04-28','ZAP','www.google.com:80/search?q=OWASP%20ZAP','9999999999','Created'),(3205,0,0,'2022-04-28','ZAP','foo-bar@example.com','http://www.google.com/','Created'),(3215,0,0,'2022-04-28','ZAP','foo-bar@example.com','http://www.google.com:80/','Created'),(3225,0,0,'2022-04-28','ZAP','foo-bar@example.com','http://www.google.com','Created'),(3235,0,0,'2022-04-28','ZAP','foo-bar@example.com','http://www.google.com/search?q=OWASP%20ZAP','Created'),(3245,0,0,'2022-04-28','ZAP','foo-bar@example.com','http://www.google.com:80/search?q=OWASP%20ZAP','Created'),(3255,0,0,'2022-04-28','ZAP','foo-bar@example.com','www.google.com/','Created'),(3265,0,0,'2022-04-28','ZAP','foo-bar@example.com','www.google.com:80/','Created'),(3275,0,0,'2022-04-28','ZAP','foo-bar@example.com','www.google.com','Created'),(3285,0,0,'2022-04-28','ZAP','foo-bar@example.com','www.google.com/search?q=OWASP%20ZAP','Created'),(3295,0,0,'2022-04-28','ZAP','foo-bar@example.com','www.google.com:80/search?q=OWASP%20ZAP','Created'),(3305,0,0,'2022-04-28','http://www.google.com/','foo-bar@example.com','9999999999','Created'),(3315,0,0,'2022-04-28','http://www.google.com:80/','foo-bar@example.com','9999999999','Created'),(3325,0,0,'2022-04-28','http://www.google.com','foo-bar@example.com','9999999999','Created'),(3335,0,0,'2022-04-28','http://www.google.com/search?q=OWASP%20ZAP','foo-bar@example.com','9999999999','Created'),(3345,0,0,'2022-04-28','http://www.google.com:80/search?q=OWASP%20ZAP','foo-bar@example.com','9999999999','Created'),(3355,0,0,'2022-04-28','ZAP','foo-bar@example.com','\'\"<scrIpt>alert(1);</scRipt>','Created'),(3365,0,0,'2022-04-28','ZAP','foo-bar@example.com','\'\"\0<scrIpt>alert(1);</scRipt>','Created'),(3375,0,0,'2022-04-28','ZAP','foo-bar@example.com','\'\"<img src=x onerror=prompt()>','Created'),(3385,0,0,'2022-04-28','0W45pz4p','foo-bar@example.com','9999999999','Created'),(3395,0,0,'2022-04-28','ZAP0W45pz4p','foo-bar@example.com','9999999999','Created'),(3405,0,0,'2022-04-28','\'\"<scrIpt>alert(1);</scRipt>','foo-bar@example.com','9999999999','Created'),(3415,0,0,'2022-04-28','\'\"\0<scrIpt>alert(1);</scRipt>','foo-bar@example.com','9999999999','Created'),(3425,0,0,'2022-04-28','\'\"<img src=x onerror=prompt()>','foo-bar@example.com','9999999999','Created'),(3435,0,0,'2022-04-28','ZAP','foo-bar@example.com','9999999999','Created'),(3445,0,0,'2022-04-28','ZAP','foo-bar@example.com','9999999999','Created'),(3455,0,0,'2022-04-28','ZAP','foo-bar@example.com','9999999999','Created'),(3465,0,0,'2022-04-28','ZAP','foo-bar@example.com','9999999999','Created'),(3475,0,0,'2022-04-28','ZAP','foo-bar@example.com','9999999999','Created'),(3485,1,78,'2022-04-28','ZAP','foo-bar@example.com','9999999999','Created'),(3495,0,0,'2022-04-28','ZAP','zApPX11sS','9999999999','Created'),(3505,0,0,'2022-04-28','ZAP','foo-bar@example.com','zApPX12sS','Created'),(3515,0,0,'2022-04-28','zApPX15sS','foo-bar@example.com','9999999999','Created'),(3525,0,0,'2022-04-28','ZAP','foo-bar@example.com','9999999999','Created'),(3535,1,78,'2022-04-28','ZAP','foo-bar@example.com','9999999999','Created'),(3545,1,78,'2022-04-28','ZAP','foo-bar@example.com','9999999999','Created'),(3555,0,0,'2022-04-28','ZAP','foo-bar@example.com','9999999999','Created'),(3565,0,0,'2022-04-28','ZAP','foo-bar@example.com','9999999999','Created'),(3575,0,0,'2022-04-28','ZAP','foo-bar@example.com','9999999999','Created'),(3585,0,0,'2022-04-28','ZAP','foo-bar@example.com','9999999999','Created'),(3595,0,0,'2022-04-28','ZAP','foo-bar@example.com','9999999999','Created'),(3605,0,0,'2022-04-28','ZAP','foo-bar@example.com','9999999999','Created'),(3615,0,0,'2022-04-28','ZAP','foo-bar@example.com','9999999999','Created'),(3625,0,0,'2022-04-28','ZAP','foo-bar@example.com','9999999999','Created'),(3635,0,0,'2022-04-28','ZAP','foo-bar@example.com','9999999999','Created'),(3645,0,0,'2022-04-28','ZAP','foo-bar@example.com','9999999999','Created'),(3655,0,0,'2022-04-28','ZAP','foo-bar@example.com','9999999999','Created'),(3665,0,0,'2022-04-28','ZAP','foo-bar@example.com','9999999999','Created'),(3675,0,0,'2022-04-28','ZAP','foo-bar@example.com','9999999999','Created'),(3685,0,0,'2022-04-28','ZAP','foo-bar@example.com','9999999999','Created'),(3695,0,0,'2022-04-28','ZAP','foo-bar@example.com','9999999999','Created'),(3705,0,0,'2022-04-28','ZAP','foo-bar@example.com','9999999999','Created'),(3715,0,0,'2022-04-28','ZAP','foo-bar@example.com','9999999999','Created'),(3725,0,0,'2022-04-28','ZAP','foo-bar@example.com','9999999999','Created'),(3735,0,0,'2022-04-28','ZAP','foo-bar@example.com','9999999999','Created'),(3745,0,0,'2022-04-28','ZAP','foo-bar@example.com','9999999999','Created'),(3755,0,0,'2022-04-28','ZAP','foo-bar@example.com','9999999999','Created'),(3765,0,0,'2022-04-28','ZAP','foo-bar@example.com','9999999999','Created'),(3775,0,0,'2022-04-28','ZAP','foo-bar@example.com','9999999999','Created'),(3785,0,0,'2022-04-28','ZAP','foo-bar@example.com','9999999999','Created'),(3795,0,0,'2022-04-28','ZAP','foo-bar@example.com','9999999999','Created'),(3805,0,0,'2022-04-28','ZAP','\'','9999999999','Created'),(3815,0,0,'2022-04-28','ZAP','foo-bar@example.com\'','9999999999','Created'),(3825,0,0,'2022-04-28','ZAP','\"','9999999999','Created'),(3835,0,0,'2022-04-28','ZAP','foo-bar@example.com\"','9999999999','Created'),(3845,0,0,'2022-04-28','ZAP',';','9999999999','Created'),(3855,0,0,'2022-04-28','ZAP','foo-bar@example.com;','9999999999','Created'),(3865,0,0,'2022-04-28','ZAP','\'(','9999999999','Created'),(3875,0,0,'2022-04-28','ZAP','foo-bar@example.com\'(','9999999999','Created'),(3885,0,0,'2022-04-28','ZAP','foo-bar@example.com','9999999999','Created'),(3895,0,0,'2022-04-28','ZAP','foo-bar@example.com','9999999999','Created'),(3905,0,0,'2022-04-28','ZAP','foo-bar@example.com AND 1=1 -- ','9999999999','Created'),(3915,0,0,'2022-04-28','ZAP','foo-bar@example.com AND 1=2 -- ','9999999999','Created'),(3925,0,0,'2022-04-28','ZAP','foo-bar@example.com OR 1=1 -- ','9999999999','Created'),(3935,0,0,'2022-04-28','ZAP','foo-bar@example.com AND 1=2 -- ','9999999999','Created'),(3945,0,0,'2022-04-28','ZAP','foo-bar@example.com OR 1=1 -- ','9999999999','Created'),(3955,0,0,'2022-04-28','ZAP','foo-bar@example.com\' AND \'1\'=\'1\' -- ','9999999999','Created'),(3965,0,0,'2022-04-28','ZAP','foo-bar@example.com\' AND \'1\'=\'2\' -- ','9999999999','Created'),(3975,0,0,'2022-04-28','ZAP','foo-bar@example.com\' OR \'1\'=\'1\' -- ','9999999999','Created'),(3985,0,0,'2022-04-28','ZAP','foo-bar@example.com\' AND \'1\'=\'2\' -- ','9999999999','Created'),(3995,0,0,'2022-04-28','ZAP','foo-bar@example.com\' OR \'1\'=\'1\' -- ','9999999999','Created'),(4005,0,0,'2022-04-28','ZAP','foo-bar@example.com UNION ALL select NULL -- ','9999999999','Created'),(4015,0,0,'2022-04-28','ZAP','foo-bar@example.com\' UNION ALL select NULL -- ','9999999999','Created'),(4025,0,0,'2022-04-28','ZAP','foo-bar@example.com\" UNION ALL select NULL -- ','9999999999','Created'),(4035,0,0,'2022-04-28','ZAP','foo-bar@example.com) UNION ALL select NULL -- ','9999999999','Created'),(4045,0,0,'2022-04-28','ZAP','foo-bar@example.com\') UNION ALL select NULL -- ','9999999999','Created'),(4055,0,0,'2022-04-28','ZAP','foo-bar@example.com','9999999999','Created'),(4065,0,0,'2022-04-28','ZAP','foo-bar@example.com','\'','Created'),(4075,0,0,'2022-04-28','ZAP','foo-bar@example.com','9999999999\'','Created'),(4085,0,0,'2022-04-28','ZAP','foo-bar@example.com','\"','Created'),(4095,0,0,'2022-04-28','ZAP','foo-bar@example.com','9999999999\"','Created'),(4105,0,0,'2022-04-28','ZAP','foo-bar@example.com',';','Created'),(4115,0,0,'2022-04-28','ZAP','foo-bar@example.com','9999999999;','Created'),(4125,0,0,'2022-04-28','ZAP','foo-bar@example.com','\'(','Created'),(4135,0,0,'2022-04-28','ZAP','foo-bar@example.com','9999999999\'(','Created'),(4145,0,0,'2022-04-28','ZAP','foo-bar@example.com','9999999999','Created'),(4155,0,0,'2022-04-28','ZAP','foo-bar@example.com','9999999999','Created'),(4165,0,0,'2022-04-28','ZAP','foo-bar@example.com','9999999999 AND 1=1 -- ','Created'),(4175,0,0,'2022-04-28','ZAP','foo-bar@example.com','9999999999 AND 1=2 -- ','Created'),(4185,0,0,'2022-04-28','ZAP','foo-bar@example.com','9999999999 OR 1=1 -- ','Created'),(4195,0,0,'2022-04-28','ZAP','foo-bar@example.com','9999999999 AND 1=2 -- ','Created'),(4205,0,0,'2022-04-28','ZAP','foo-bar@example.com','9999999999 OR 1=1 -- ','Created'),(4215,0,0,'2022-04-28','ZAP','foo-bar@example.com','9999999999\' AND \'1\'=\'1\' -- ','Created'),(4225,0,0,'2022-04-28','ZAP','foo-bar@example.com','9999999999\' AND \'1\'=\'2\' -- ','Created'),(4235,0,0,'2022-04-28','ZAP','foo-bar@example.com','9999999999\' OR \'1\'=\'1\' -- ','Created'),(4245,0,0,'2022-04-28','ZAP','foo-bar@example.com','9999999999\' AND \'1\'=\'2\' -- ','Created'),(4255,0,0,'2022-04-28','ZAP','foo-bar@example.com','9999999999\' OR \'1\'=\'1\' -- ','Created'),(4265,0,0,'2022-04-28','ZAP','foo-bar@example.com','9999999999 UNION ALL select NULL -- ','Created'),(4275,0,0,'2022-04-28','ZAP','foo-bar@example.com','9999999999\' UNION ALL select NULL -- ','Created'),(4285,0,0,'2022-04-28','ZAP','foo-bar@example.com','9999999999\" UNION ALL select NULL -- ','Created'),(4295,0,0,'2022-04-28','ZAP','foo-bar@example.com','9999999999) UNION ALL select NULL -- ','Created'),(4305,0,0,'2022-04-28','ZAP','foo-bar@example.com','9999999999\') UNION ALL select NULL -- ','Created'),(4315,0,0,'2022-04-28','ZAP','foo-bar@example.com','9999999999','Created'),(4325,0,0,'2022-04-28','\'','foo-bar@example.com','9999999999','Created'),(4335,0,0,'2022-04-28','ZAP\'','foo-bar@example.com','9999999999','Created'),(4345,0,0,'2022-04-28','\"','foo-bar@example.com','9999999999','Created'),(4355,0,0,'2022-04-28','ZAP\"','foo-bar@example.com','9999999999','Created'),(4365,0,0,'2022-04-28',';','foo-bar@example.com','9999999999','Created'),(4375,0,0,'2022-04-28','ZAP;','foo-bar@example.com','9999999999','Created'),(4385,0,0,'2022-04-28','\'(','foo-bar@example.com','9999999999','Created'),(4395,0,0,'2022-04-28','ZAP\'(','foo-bar@example.com','9999999999','Created'),(4405,0,0,'2022-04-28','ZAP','foo-bar@example.com','9999999999','Created'),(4415,0,0,'2022-04-28','ZAP','foo-bar@example.com','9999999999','Created'),(4425,0,0,'2022-04-28','ZAP AND 1=1 -- ','foo-bar@example.com','9999999999','Created'),(4435,0,0,'2022-04-28','ZAP AND 1=2 -- ','foo-bar@example.com','9999999999','Created'),(4445,0,0,'2022-04-28','ZAP OR 1=1 -- ','foo-bar@example.com','9999999999','Created'),(4455,0,0,'2022-04-28','ZAP AND 1=2 -- ','foo-bar@example.com','9999999999','Created'),(4465,0,0,'2022-04-28','ZAP OR 1=1 -- ','foo-bar@example.com','9999999999','Created'),(4475,0,0,'2022-04-28','ZAP\' AND \'1\'=\'1\' -- ','foo-bar@example.com','9999999999','Created'),(4485,0,0,'2022-04-28','ZAP\' AND \'1\'=\'2\' -- ','foo-bar@example.com','9999999999','Created'),(4495,0,0,'2022-04-28','ZAP\' OR \'1\'=\'1\' -- ','foo-bar@example.com','9999999999','Created'),(4505,0,0,'2022-04-28','ZAP\' AND \'1\'=\'2\' -- ','foo-bar@example.com','9999999999','Created'),(4515,0,0,'2022-04-28','ZAP\' OR \'1\'=\'1\' -- ','foo-bar@example.com','9999999999','Created'),(4525,0,0,'2022-04-28','ZAP UNION ALL select NULL -- ','foo-bar@example.com','9999999999','Created'),(4535,0,0,'2022-04-28','ZAP\' UNION ALL select NULL -- ','foo-bar@example.com','9999999999','Created'),(4545,0,0,'2022-04-28','ZAP\" UNION ALL select NULL -- ','foo-bar@example.com','9999999999','Created'),(4555,0,0,'2022-04-28','ZAP) UNION ALL select NULL -- ','foo-bar@example.com','9999999999','Created'),(4565,0,0,'2022-04-28','ZAP\') UNION ALL select NULL -- ','foo-bar@example.com','9999999999','Created'),(4575,0,0,'2022-04-28','ZAP','foo-bar@example.com','9999999999','Created'),(4585,0,0,'2022-04-28','ZAP','foo-bar@example.com','9999999999','Created'),(4595,0,0,'2022-04-28','ZAP','foo-bar@example.com','9999999999','Created'),(4605,0,0,'2022-04-28','ZAP','foo-bar@example.com','9999999999','Created'),(4615,0,0,'2022-04-28','ZAP','foo-bar@example.com','9999999999','Created'),(4625,0,0,'2022-04-28','ZAP','foo-bar@example.com','9999999999','Created'),(4635,0,0,'2022-04-28','ZAP','foo-bar@example.com','9999999999','Created'),(4645,0,0,'2022-04-28','ZAP','foo-bar@example.com','9999999999','Created'),(4655,0,0,'2022-04-28','ZAP','foo-bar@example.com','9999999999','Created'),(4665,0,0,'2022-04-28','ZAP','foo-bar@example.com','9999999999','Created'),(4675,0,0,'2022-04-28','ZAP','foo-bar@example.com','9999999999','Created'),(4685,0,0,'2022-04-28','ZAP','foo-bar@example.com','9999999999','Created'),(4695,0,0,'2022-04-28','ZAP','foo-bar@example.com','9999999999','Created'),(4705,0,0,'2022-04-28','ZAP','foo-bar@example.com','9999999999','Created'),(4715,0,0,'2022-04-28','ZAP','foo-bar@example.com','9999999999','Created'),(4725,0,0,'2022-04-28','ZAP','foo-bar@example.com','9999999999','Created'),(4735,0,0,'2022-04-28','ZAP','foo-bar@example.com','9999999999','Created'),(4745,0,0,'2022-04-28','ZAP','foo-bar@example.com','9999999999','Created'),(4755,0,0,'2022-04-28','ZAP','foo-bar@example.com','9999999999','Created'),(4765,0,0,'2022-04-28','ZAP','foo-bar@example.com','9999999999','Created'),(4775,0,0,'2022-04-28','ZAP','foo-bar@example.com','9999999999','Created'),(4785,0,0,'2022-04-28','ZAP','foo-bar@example.com','9999999999','Created'),(4795,0,0,'2022-04-28','ZAP','foo-bar@example.com','9999999999','Created'),(4805,0,0,'2022-04-28','ZAP','foo-bar@example.com','9999999999','Created'),(4815,0,0,'2022-04-28','ZAP','foo-bar@example.com','9999999999','Created'),(4825,0,0,'2022-04-28','ZAP','foo-bar@example.com','9999999999','Created'),(4835,0,0,'2022-04-28','ZAP','foo-bar@example.com','9999999999','Created'),(4845,0,0,'2022-04-28','ZAP','foo-bar@example.com','9999999999','Created'),(4855,0,0,'2022-04-28','ZAP','foo-bar@example.com','9999999999','Created'),(4865,0,0,'2022-04-28','ZAP','foo-bar@example.com','9999999999','Created'),(4875,0,0,'2022-04-28','ZAP','foo-bar@example.com','9999999999','Created'),(4885,0,0,'2022-04-28','ZAP','foo-bar@example.com','9999999999','Created'),(4895,0,0,'2022-04-28','ZAP','foo-bar@example.com','9999999999','Created'),(4905,0,0,'2022-04-28','ZAP','foo-bar@example.com','9999999999','Created'),(4915,0,0,'2022-04-28','ZAP','foo-bar@example.com','9999999999','Created'),(4925,0,0,'2022-04-28','ZAP','foo-bar@example.com','9999999999','Created'),(4935,0,0,'2022-04-28','ZAP','foo-bar@example.com','9999999999','Created'),(4945,0,0,'2022-04-28','ZAP','foo-bar@example.com','9999999999','Created'),(4955,0,0,'2022-04-28','ZAP','\"+response.write([324,910*374,020)+\"','9999999999','Created'),(4965,0,0,'2022-04-28','ZAP','+response.write({0}*{1})+','9999999999','Created'),(4975,0,0,'2022-04-28','ZAP','response.write(324,910*374,020)','9999999999','Created'),(4985,0,0,'2022-04-28','ZAP','foo-bar@example.com','\"+response.write([374,883*234,928)+\"','Created'),(4995,0,0,'2022-04-28','ZAP','foo-bar@example.com','+response.write({0}*{1})+','Created'),(5005,0,0,'2022-04-28','ZAP','foo-bar@example.com','response.write(374,883*234,928)','Created'),(5015,1,140,'2022-05-18','da','caihoncuagiamnguc@gmail.com','+84966961429','Created'),(5025,1,62,'2022-05-18','Ngh? An','caihoncuagiamnguc@gmail.com','0943123123','Created'),(5035,0,0,'2022-05-18','Ngh? An','caihoncuagiamnguc@gmail.com','0943123123','Created'),(5045,0,0,'2022-05-18','Ngh? An','caihoncuagiamnguc@gmail.com','0943123123','Created'),(5055,0,0,'2022-05-18','Ngh? An','caihoncuagiamnguc@gmail.com','0943123123','Created'),(5065,0,0,'2022-05-18','Ngh? An','caihoncuagiamnguc@gmail.com','0943123123','Created'),(5075,2,113,'2022-05-18','','','','Created'),(5085,2,175,'2022-05-18','','','','Created'),(5095,2,175,'2022-05-18','','','','Complete'),(5105,0,0,'2022-05-18','','','','Created'),(5115,0,0,'2022-05-18','','19110470@student.hcmute.edu.vn','','Created'),(5125,0,0,'2022-05-18','','tien@gmail.com','','Created'),(5135,1,100,'2022-05-18','Ngh? An','caihoncuagiamnguc@gmail.com','0943123123','Created'),(5145,1,78,'2022-05-18','Ngh? An','caihoncuagiamnguc@gmail.com','0943123123','Created'),(5155,1,78,'2022-05-18','Ngh? An','caihoncuagiamnguc@gmail.com','0943123123','Created'),(5165,1,85,'2022-05-18','Ngh? An','caihoncuagiamnguc@gmail.com','0943123123','Created'),(5175,8,505,'2022-05-19','ZAP','foo-bar@example.com','9999999999','Created'),(5185,8,505,'2022-05-19','ZAP','foo-bar@example.com','9999999999','Complete'),(5195,26,1300,'2022-05-19','ZAP','foo-bar@example.com','9999999999','Created'),(5205,26,1300,'2022-05-19','ZAP','foo-bar@example.com','9999999999','Complete'),(5215,11,783,'2022-05-19','ZAP','foo-bar@example.com','9999999999','Complete'),(5225,11,783,'2022-05-19','ZAP','foo-bar@example.com','9999999999','Complete'),(5235,11,783,'2022-05-19','ZAP','foo-bar@example.com','9999999999','Complete'),(5245,11,783,'2022-05-19','ZAP','foo-bar@example.com','9999999999','Complete'),(5255,11,783,'2022-05-19','ZAP','foo-bar@example.com','9999999999','Complete'),(5265,11,783,'2022-05-19','ZAP','foo-bar@example.com','9999999999','Complete'),(5275,11,783,'2022-05-19','ZAP','foo-bar@example.com','9999999999','Complete'),(5285,11,783,'2022-05-19','ZAP','foo-bar@example.com','9999999999','Complete'),(5295,11,783,'2022-05-19','ZAP','foo-bar@example.com','9999999999','Complete'),(5305,11,783,'2022-05-19','ZAP','foo-bar@example.com','9999999999','Complete'),(5315,11,783,'2022-05-19','ZAP','foo-bar@example.com','9999999999','Complete'),(5325,11,783,'2022-05-19','ZAP','foo-bar@example.com','9999999999','Complete'),(5335,11,783,'2022-05-19','ZAP','foo-bar@example.com','9999999999','Complete'),(5345,11,783,'2022-05-19','ZAP','foo-bar@example.com','9999999999','Complete'),(5355,11,783,'2022-05-19','ZAP','foo-bar@example.com','9999999999','Complete'),(5365,11,783,'2022-05-19','ZAP','c:/Windows/system.ini','9999999999','Complete'),(5375,11,783,'2022-05-19','ZAP','c:\\Windows\\system.ini','9999999999','Complete'),(5385,11,783,'2022-05-19','ZAP','/etc/passwd','9999999999','Complete'),(5395,11,783,'2022-05-19','ZAP','c:/','9999999999','Complete'),(5405,11,783,'2022-05-19','ZAP','/','9999999999','Complete'),(5415,11,783,'2022-05-19','ZAP','c:\\','9999999999','Complete'),(5425,11,783,'2022-05-19','ZAP','../../../../../../../../../../../../../../../../','9999999999','Complete'),(5435,11,783,'2022-05-19','ZAP','WEB-INF/web.xml','9999999999','Complete'),(5445,11,783,'2022-05-19','ZAP','WEB-INF\\web.xml','9999999999','Complete'),(5455,11,783,'2022-05-19','ZAP','/WEB-INF/web.xml','9999999999','Complete'),(5465,11,783,'2022-05-19','ZAP','\\WEB-INF\\web.xml','9999999999','Complete'),(5475,11,783,'2022-05-19','ZAP','thishouldnotexistandhopefullyitwillnot','9999999999','Complete'),(5485,11,783,'2022-05-19','ZAP','foo-bar@example.com','c:/Windows/system.ini','Complete'),(5504,1,110,'2023-05-20','','','','Created');
/*!40000 ALTER TABLE `orders` ENABLE KEYS */;
UNLOCK TABLES;

--
-- Table structure for table `product`
--

DROP TABLE IF EXISTS `product`;
/*!40101 SET @saved_cs_client     = @@character_set_client */;
/*!50503 SET character_set_client = utf8mb4 */;
CREATE TABLE `product` (
  `id` int(11) NOT NULL AUTO_INCREMENT,
  `name` varchar(50) CHARACTER SET utf8mb4 DEFAULT NULL,
  `image` longtext CHARACTER SET utf8mb4,
  `price` double DEFAULT NULL,
  `title` varchar(50) CHARACTER SET utf8mb4 DEFAULT NULL,
  `description` varchar(50) CHARACTER SET utf8mb4 DEFAULT NULL,
  `cateID` int(11) DEFAULT NULL,
  `sale_ID` int(11) DEFAULT NULL,
  PRIMARY KEY (`id`) USING BTREE,
  KEY `FK_Product_Account` (`sale_ID`) USING BTREE,
  KEY `fk_cateid_idx` (`cateID`) USING BTREE,
  CONSTRAINT `fk_cateid` FOREIGN KEY (`cateID`) REFERENCES `category` (`cid`) ON DELETE NO ACTION ON UPDATE NO ACTION
) ENGINE=InnoDB AUTO_INCREMENT=206 DEFAULT CHARSET=utf8mb4 COLLATE=utf8mb4_vietnamese_ci ROW_FORMAT=COMPACT;
/*!40101 SET character_set_client = @saved_cs_client */;

--
-- Dumping data for table `product`
--

LOCK TABLES `product` WRITE;
/*!40000 ALTER TABLE `product` DISABLE KEYS */;
INSERT INTO `product` VALUES (4,'Adidas1','https://firebasestorage.googleapis.com/v0/b/web-servlet.appspot.com/o/Images%2Fproduct-13.jpg?alt=media&token=1a712dfd-b9b0-4a47-8267-0cb0ef655874',42,'Sport','Hàng chính hãng 1',2,1),(7,'Giày online ','https://firebasestorage.googleapis.com/v0/b/web-servlet.appspot.com/o/Images%2Fproduct-12.jpg?alt=media&token=fdeab4cc-d1d5-4737-b90f-3539514cde8f',60,'Sport','Cute',2,1),(8,'Ananas','https://firebasestorage.googleapis.com/v0/b/web-servlet.appspot.com/o/Images%2Fproduct-3.png?alt=media&token=ebb3da5e-24a2-43d6-a47e-79e61ee2f71e',35,'New','Sale 20%',1,1),(9,' Adidas Superstar','https://firebasestorage.googleapis.com/v0/b/web-servlet.appspot.com/o/Images%2Fproduct-1.jpg?alt=media&token=b7259217-5cd3-4772-8378-701bad0af082',90,'Sport','Fashion 2021',1,1),(10,'Adidas ZX 2K Boost ','https://firebasestorage.googleapis.com/v0/b/web-servlet.appspot.com/o/Images%2Fproduct-14.jpg?alt=media&token=b852704d-9e79-4be7-9767-bd112aab0cf1',50,'Sport','Real',1,1),(12,'Adidas Superstar New','https://firebasestorage.googleapis.com/v0/b/web-servlet.appspot.com/o/Images%2Fproduct-2.jpg?alt=media&token=7d2d3a4c-29c3-48f1-9f46-e64d64cfdced',50,'Sport','Real',2,1),(13,' Adidas Dame New','https://firebasestorage.googleapis.com/v0/b/web-servlet.appspot.com/o/Images%2Fproduct-4.jpg?alt=media&token=1c572607-db0c-4fe2-84df-c876453c3e25',45,'Sport','Real',1,1),(14,'Adidas Ultra Boost 20','https://firebasestorage.googleapis.com/v0/b/web-servlet.appspot.com/o/Images%2Fproduct-12.jpg?alt=media&token=fdeab4cc-d1d5-4737-b90f-3539514cde8f',35,'Sport','Real',2,1),(15,' Nike Zoom Rival Fly','https://firebasestorage.googleapis.com/v0/b/web-servlet.appspot.com/o/Images%2Fhome-2.jpg?alt=media&token=e4252fb6-2dd3-4ca3-95c0-98e93451b254',82,'Sport','Real',3,1),(16,'Nike Air Force 1','https://firebasestorage.googleapis.com/v0/b/web-servlet.appspot.com/o/Images%2Fproduct-6.jpeg?alt=media&token=f9ea0efc-4a12-4c56-a022-bd3a4d629b49',75,'Sport','Real',3,1),(17,'Nike Air Max 97','https://firebasestorage.googleapis.com/v0/b/web-servlet.appspot.com/o/Images%2Fabout-1.jpeg?alt=media&token=c16a3287-25c6-46a9-8068-937697d02503',95,'Sport','Real',3,1),(18,'Nike Air Jordan','https://firebasestorage.googleapis.com/v0/b/web-servlet.appspot.com/o/Images%2Fproduct-7.jpg?alt=media&token=fe79c6eb-a115-4cd0-81b1-d7393a6d99bb',95,'Sport','Real',3,1),(19,'Nike Kyrie Low 3 ','https://firebasestorage.googleapis.com/v0/b/web-servlet.appspot.com/o/Images%2Fproduct-12.jpg?alt=media&token=ff253dfc-4ee7-4061-afa5-c394c52e1ded',50,'Sport','Hàng chính hãng',1,1),(20,'Converse 1970s High Black ','https://firebasestorage.googleapis.com/v0/b/web-servlet.appspot.com/o/Images%2Fconfused.png?alt=media&token=e9215b0f-7310-4fc6-83eb-31223b1206a4',82,'Giày th? thao','Hàng chính hãng',1,1),(21,'Converse 1970s Green','https://firebasestorage.googleapis.com/v0/b/web-servlet.appspot.com/o/Images%2Fproduct-7.jpg?alt=media&token=fe79c6eb-a115-4cd0-81b1-d7393a6d99bb',80,'Giày th? thao','Hàng chính hãng',1,1),(22,'Converse Chuck Taylor All Star ','images\\home-2.jpg',65,'Giày th? thao','Hàng chính hãng',1,1),(24,'Sneaker Vans Old Skool','https://firebasestorage.googleapis.com/v0/b/web-servlet.appspot.com/o/Images%2Fhome-2.jpg?alt=media&token=e4252fb6-2dd3-4ca3-95c0-98e93451b254',54,'Giày th? thao','Hàng chính hãng',1,1),(25,'Vans Authentic ','https://firebasestorage.googleapis.com/v0/b/web-servlet.appspot.com/o/Images%2Fhome-3.jpg?alt=media&token=25eb3e48-b3e4-4006-bd44-23a326f68c1b',70,'Sport','Real',1,1),(27,'Old Skool X J.Crew Red Orche','https://firebasestorage.googleapis.com/v0/b/web-servlet.appspot.com/o/Images%2Fproduct-2.jpg?alt=media&token=1529f0ef-b8de-4d95-b8ac-7d3fb96f2c2e',39,'Giày th? thao','Hàng chính hãng',1,1),(28,'Vans Old Skool X J.Crew Reflecting','https://firebasestorage.googleapis.com/v0/b/web-servlet.appspot.com/o/Images%2Fproduct-2.jpg?alt=media&token=7d2d3a4c-29c3-48f1-9f46-e64d64cfdced',28,'Giày th? thao','Hàng chính hãng',1,1),(29,'Vans  Asher Checkerboard blue ','https://firebasestorage.googleapis.com/v0/b/web-servlet.appspot.com/o/Images%2Fproduct-13.jpg?alt=media&token=1a712dfd-b9b0-4a47-8267-0cb0ef655874',50,'Giày th? thao','Hàng chính hãng',1,1),(30,'Adidas Ultra Boost DNA x Disney','https://firebasestorage.googleapis.com/v0/b/web-servlet.appspot.com/o/Images%2Fconfused.png?alt=media&token=dff9f7e1-f7f5-488d-abd1-c91795544c54',12,'Giày th? thao','Giày chính h?ng xu h??ng gi?i 2021',1,1),(31,'Adidas Ultra Boost','https://firebasestorage.googleapis.com/v0/b/web-servlet.appspot.com/o/Images%2Fhome-3.jpg?alt=media&token=4083df3b-8611-4985-a29d-5ad0aabadff8',35,'Giày th? thao','Giày chính hảng xu hướng giới 2021',1,1),(32,'Nike Zoom 1','images\\home-2.jpg',90,'New','Giày chính hảng xu hướng giới 2021',1,1),(33,'Ananas2','images\\home-1.jpg',90,'Giày th? thao','Giày chính hảng xu hướng giới 2021',1,1),(34,'Ananas vip','https://firebasestorage.googleapis.com/v0/b/web-servlet.appspot.com/o/Images%2Fproduct-2.jpg?alt=media&token=1529f0ef-b8de-4d95-b8ac-7d3fb96f2c2e',70,'New','Giày chính hảng xu hướng giới 2021',1,1),(205,'Nike Kyrie Low New','https://firebasestorage.googleapis.com/v0/b/web-servlet.appspot.com/o/Images%2Fproduct-9.jpg?alt=media&token=6cce1284-3995-4dee-8155-da9031123d83',80,'Sport','Real',3,1);
/*!40000 ALTER TABLE `product` ENABLE KEYS */;
UNLOCK TABLES;
/*!40103 SET TIME_ZONE=@OLD_TIME_ZONE */;

/*!40101 SET SQL_MODE=@OLD_SQL_MODE */;
/*!40014 SET FOREIGN_KEY_CHECKS=@OLD_FOREIGN_KEY_CHECKS */;
/*!40014 SET UNIQUE_CHECKS=@OLD_UNIQUE_CHECKS */;
/*!40101 SET CHARACTER_SET_CLIENT=@OLD_CHARACTER_SET_CLIENT */;
/*!40101 SET CHARACTER_SET_RESULTS=@OLD_CHARACTER_SET_RESULTS */;
/*!40101 SET COLLATION_CONNECTION=@OLD_COLLATION_CONNECTION */;
/*!40111 SET SQL_NOTES=@OLD_SQL_NOTES */;

-- Dump completed on 2023-05-21 13:38:50
